Title,Source,Topic,Score,Published Date,URL
"Microsoft just formed a ""Superintelligence Team"" led by DeepMind co-founder ‚Äì here's what they're actually building",Reddit,ai,0.270,2025-11-11,https://reddit.com/r/deeplearning/comments/1ou73c5/microsoft_just_formed_a_superintelligence_team/
"just finished my first app at 13, a music player!",Reddit,python,0.270,2025-11-15,https://reddit.com/r/learnpython/comments/1oxchcc/just_finished_my_first_app_at_13_a_music_player/
How do I get the most out of the O‚ÄôReilly account?,Reddit,ai,0.270,2025-11-25,https://reddit.com/r/datascience/comments/1p6eawa/how_do_i_get_the_most_out_of_the_oreilly_account/
Hands-on coding in DS interviews?,Reddit,ai,0.270,2025-11-20,https://reddit.com/r/datascience/comments/1p1zghy/handson_coding_in_ds_interviews/
Help understanding these statements,Reddit,python,0.270,2025-11-28,https://reddit.com/r/learnpython/comments/1p93hn6/help_understanding_these_statements/
TabPFN now scales to 10 million rows (tabular foundation model),Reddit,ai,0.270,2025-12-03,https://reddit.com/r/datascience/comments/1pd17ar/tabpfn_now_scales_to_10_million_rows_tabular/
[R] [N] TabPFN now scales to millions of rows (tabular foundation model),Reddit,ai,0.270,2025-12-03,https://reddit.com/r/MachineLearning/comments/1pd1800/r_n_tabpfn_now_scales_to_millions_of_rows_tabular/
A step-by-step guide to fine-tuning MedGemma for breast tumor classification,Dev.to,ai,0.250,2025-12-02,https://dev.to/googleai/a-step-by-step-guide-to-fine-tuning-medgemma-for-breast-tumor-classification-35af
openinterpreter/open-interpreter,GitHub,javascript,0.200,2023-07-14,https://github.com/openinterpreter/open-interpreter
FlowiseAI/Flowise,GitHub,javascript,0.200,2023-03-31,https://github.com/FlowiseAI/Flowise
QuivrHQ/quivr,GitHub,javascript,0.200,2023-05-12,https://github.com/QuivrHQ/quivr
HeyPuter/puter,GitHub,javascript,0.200,2024-03-03,https://github.com/HeyPuter/puter
drawdb-io/drawdb,GitHub,javascript,0.200,2023-07-16,https://github.com/drawdb-io/drawdb
Significant-Gravitas/AutoGPT,GitHub,python,0.200,2023-03-16,https://github.com/Significant-Gravitas/AutoGPT
langgenius/dify,GitHub,python,0.200,2023-04-12,https://github.com/langgenius/dify
comfyanonymous/ComfyUI,GitHub,python,0.200,2023-01-17,https://github.com/comfyanonymous/ComfyUI
Shubhamsaboo/awesome-llm-apps,GitHub,python,0.200,2024-04-29,https://github.com/Shubhamsaboo/awesome-llm-apps
rasbt/LLMs-from-scratch,GitHub,python,0.200,2023-07-23,https://github.com/rasbt/LLMs-from-scratch
papa-torb/adtruth,GitHub,javascript,0.200,2025-10-29,https://github.com/papa-torb/adtruth
std-microblock/fripack,GitHub,javascript,0.200,2025-11-10,https://github.com/std-microblock/fripack
freeCodeCamp/freeCodeCamp,GitHub,javascript,0.200,2014-12-24,https://github.com/freeCodeCamp/freeCodeCamp
Dancode-188/synckit,GitHub,javascript,0.200,2025-11-21,https://github.com/Dancode-188/synckit
supertone-inc/supertonic,GitHub,python,0.200,2025-11-18,https://github.com/supertone-inc/supertonic
gamosoft/NoteDiscovery,GitHub,python,0.200,2025-11-05,https://github.com/gamosoft/NoteDiscovery
tensorflow/tensorflow,GitHub,python,0.200,2015-11-07,https://github.com/tensorflow/tensorflow
liujuntao123/smart-excalidraw-next,GitHub,ai,0.200,2025-10-30,https://github.com/liujuntao123/smart-excalidraw-next
AUTOMATIC1111/stable-diffusion-webui,GitHub,ai,0.200,2022-08-22,https://github.com/AUTOMATIC1111/stable-diffusion-webui
kangjul3854/hyufa,GitHub,javascript,0.200,2025-11-19,https://github.com/kangjul3854/hyufa
hasinhayder/tyro-login,GitHub,javascript,0.200,2025-11-30,https://github.com/hasinhayder/tyro-login
steipete/oracle,GitHub,ai,0.200,2025-11-14,https://github.com/steipete/oracle
"Show HN: We built an open source, zero webhooks payment processor",Hacker News,ai,0.160,2025-11-25,https://github.com/flowglad/flowglad
Show HN: KiDoom ‚Äì Running DOOM on PCB Traces,Hacker News,python,0.160,2025-11-25,https://www.mikeayles.com/#kidoom
Show HN: Runprompt ‚Äì run .prompt files from the command line,Hacker News,python,0.160,2025-11-27,https://github.com/chr15m/runprompt
Show HN: MkSlides ‚Äì Markdown to slides with a similar workflow to MkDocs,Hacker News,python,0.160,2025-11-27,https://github.com/MartenBE/mkslides
"Show HN: Spikelog ‚Äì A simple metrics service for scripts, cron jobs, and MVPs",Hacker News,ai,0.160,2025-11-27,https://spikelog.com
"Chat GPT saying Elon Musk's DOGE Never Existed. Doubles down on saying my links and screenshots are ""fabricated"" this is insane!!",Reddit,ai,0.120,2025-11-25,https://reddit.com/r/artificial/comments/1p66cag/chat_gpt_saying_elon_musks_doge_never_existed/
"Robot replaces CEO, decides to serve the employees for lunch",Reddit,ai,0.120,2025-11-03,https://v.redd.it/fbp1x32vo1zf1
Russia's First Al Robot Just Debuted... and Immediately Broke üòÄüòÄ,Reddit,ai,0.120,2025-11-13,https://v.redd.it/qy75yvn8gx0g1
"I feel completely lost as a junior React dev. I need help, mentorship, or guidance before I mentally crash.",Reddit,javascript,0.120,2025-11-09,https://reddit.com/r/reactjs/comments/1osbnpg/i_feel_completely_lost_as_a_junior_react_dev_i/
"drawing tensors (torch, jax, tf, numpy), for understanding and debugging",Reddit,python,0.120,2025-10-29,https://i.redd.it/qwkmovfsi3yf1.png
Topological-Adam: A new optimizer introducing a self-stabilizing gradient decent mechanism for convetional NNs and PINNs,Reddit,ai,0.120,2025-11-02,https://reddit.com/r/deeplearning/comments/1om40ym/topologicaladam_a_new_optimizer_introducing_a/
The Zero-Width Space: unicode's sneakiest character and what you can actually do with it,Reddit,python,0.120,2025-11-26,https://starikov.co/zero-width-space/
I am somehow no worried about the vibe coders anymore,Reddit,ai,0.120,2025-11-25,https://reddit.com/r/webdev/comments/1p6r833/i_am_somehow_no_worried_about_the_vibe_coders/
Tech influencers are haunting my feed,Reddit,ai,0.120,2025-11-26,https://reddit.com/r/webdev/comments/1p6y4vm/tech_influencers_are_haunting_my_feed/
A tiny game engine I've made in html/JS! Browser based,Reddit,javascript,0.120,2025-11-25,https://www.reddit.com/gallery/1p6hv49
I built a VSCode extension to see your code on an infinite canvas.,Reddit,javascript,0.120,2025-11-08,https://i.redd.it/kaw209lhq10g1.gif
Frontend engineers were the biggest declining software job in 2025,Reddit,ai,0.120,2025-11-07,https://i.redd.it/qeqwc579stzf1.jpeg
I built a VS Code extension named CodeVisualizer that instantly visualizes your entire codebase architecture and function logic,Reddit,javascript,0.120,2025-11-15,https://i.redd.it/zlv5gxj53d1g1.gif
[D] How many first author papers during Ph.D.?,Reddit,ai,0.120,2025-11-26,https://reddit.com/r/MachineLearning/comments/1p6t5c1/d_how_many_first_author_papers_during_phd/
[R] Segment Anything Model 3 (SAM 3) is released,Reddit,ai,0.120,2025-11-19,https://reddit.com/r/MachineLearning/comments/1p1cfvx/r_segment_anything_model_3_sam_3_is_released/
[D] Some concerns about the current state of machine learning research,Reddit,ai,0.120,2025-11-18,https://reddit.com/r/MachineLearning/comments/1ozw2tj/d_some_concerns_about_the_current_state_of/
Show users how many dependencies your package contains (with a badge),Reddit,javascript,0.120,2025-11-25,https://i.redd.it/mdtep549me3g1.png
"NestJS is bad, change my mind",Reddit,ai,0.120,2025-11-12,https://reddit.com/r/node/comments/1ov6xrd/nestjs_is_bad_change_my_mind/
I built a VS Code extension that turns your code into interactive flowcharts and visualizes your entire codebase dependencies,Reddit,javascript,0.120,2025-11-11,https://v.redd.it/7jwzcps20p0g1
"It has been 2 weeks since Next.js 16 dropped, making caching explicit with ""use cache"" and deprecating middleware.ts.",Reddit,javascript,0.120,2025-11-13,https://javascript.plainenglish.io/next-js-16-explained-cache-components-proxy-ts-turbopack-and-ai-debugging-5f9992eda838?source=friends_link&amp;sk=be278b951e083fc4f478e87bb978128c
I built AxioDB - An embedded NoSQL database for Node.js with zero native dependencies,Reddit,javascript,0.120,2025-10-31,https://reddit.com/r/node/comments/1ol4gmy/i_built_axiodb_an_embedded_nosql_database_for/
I created a open source tool to view dependency graphs of your node projects,Reddit,javascript,0.120,2025-11-23,https://i.redd.it/uggslwzd5y2g1.png
switched from react to vue 3 for new job. the reactivity system is kicking my ass,Reddit,ai,0.120,2025-11-26,https://reddit.com/r/vuejs/comments/1p7e974/switched_from_react_to_vue_3_for_new_job_the/
Stop Prop Drilling: A practical guide to using Provide/Inject in Vue 3,Reddit,javascript,0.120,2025-11-25,https://reddit.com/r/vuejs/comments/1p6fjxn/stop_prop_drilling_a_practical_guide_to_using/
I use Vue in WordPress,Reddit,javascript,0.120,2025-11-18,https://i.redd.it/utmoletz622g1.jpeg
Are LeetCode heavy Interviews becoming the norm for DS Modeling roles?,Reddit,python,0.120,2025-11-23,https://reddit.com/r/datascience/comments/1p4v7hg/are_leetcode_heavy_interviews_becoming_the_norm/
Is R Shiny still a thing?,Reddit,python,0.120,2025-11-06,https://reddit.com/r/datascience/comments/1opmsda/is_r_shiny_still_a_thing/
Sr. DS role turned out to be an a research position. Not sure if I should still go through with it given the leetcode heavy process,Reddit,python,0.120,2025-11-11,https://reddit.com/r/datascience/comments/1oudx0d/sr_ds_role_turned_out_to_be_an_a_research/
Thinking about a Python-native frontend - feedback?,Reddit,javascript,0.120,2025-11-26,https://reddit.com/r/Python/comments/1p7ec8z/thinking_about_a_pythonnative_frontend_feedback/
PyTorch C++ Samples,Reddit,python,0.120,2025-11-26,https://i.redd.it/vcziy36k6l3g1.jpeg
[Guide] Running NVIDIA‚Äôs new Omni-Embed-3B (Vectorize Text/Image/Audio/Video in the same vector space!),Reddit,ai,0.120,2025-11-27,https://reddit.com/r/deeplearning/comments/1p88b0m/guide_running_nvidias_new_omniembed3b_vectorize/
I built a RAG Memory Server entirely in Node.js &amp; TypeScript (No Python dependency),Reddit,javascript,0.120,2025-11-29,https://reddit.com/r/node/comments/1p9ww2p/i_built_a_rag_memory_server_entirely_in_nodejs/
How are side-hustles seen to employers mid-career?,Reddit,python,0.120,2025-11-28,https://reddit.com/r/datascience/comments/1p8pwnc/how_are_sidehustles_seen_to_employers_midcareer/
Experience with my recent online assessment. Bait and switch?,Reddit,javascript,0.120,2025-11-21,https://reddit.com/r/datascience/comments/1p3683t/experience_with_my_recent_online_assessment_bait/
"Free Learning Paths for Data Analysts, Data Scientists, and Data Engineers ‚Äì Using 100% Open Resources",Reddit,python,0.120,2025-11-08,https://i.redd.it/debxmsxr810g1.gif
[P] Learning without fine-tuning: Open-source framework takes browser automation from 30% ‚Üí 100% success through in-context learning,Reddit,ai,0.120,2025-11-28,https://reddit.com/r/MachineLearning/comments/1p904gu/p_learning_without_finetuning_opensource/
"I was too lazy manually fill out data and build my portfolio, so I built an open-source tool to generate it from LinkedIn/Resume",Reddit,python,0.120,2025-11-29,https://www.reddit.com/gallery/1p9lm6e
"We need a non-creepy ""dark web"" for actual web sites instead of the shit we have now",Reddit,ai,0.120,2025-11-28,https://reddit.com/r/webdev/comments/1p98isj/we_need_a_noncreepy_dark_web_for_actual_web_sites/
Why is the web essentially shit now?,Reddit,javascript,0.120,2025-11-28,https://reddit.com/r/webdev/comments/1p908gw/why_is_the_web_essentially_shit_now/
Does adding online certifications help or cause harm?,Reddit,ai,0.120,2025-11-26,https://reddit.com/r/datascience/comments/1p7eh5l/does_adding_online_certifications_help_or_cause/
Why Build a Giant Model When You Can Orchestrate Experts?,Reddit,ai,0.120,2025-12-01,https://reddit.com/r/artificial/comments/1pbd09r/why_build_a_giant_model_when_you_can_orchestrate/
[R] : Is it acceptable to contact the editor after rejection if reviewer feedback was inconsistent and scientifically incorrect ?,Reddit,ai,0.120,2025-12-01,https://reddit.com/r/MachineLearning/comments/1pbcpog/r_is_it_acceptable_to_contact_the_editor_after/
[D] Looking for feedback on a lightweight PyTorch profiler I am building (2-min survey),Reddit,ai,0.120,2025-11-30,https://reddit.com/r/MachineLearning/comments/1patj0o/d_looking_for_feedback_on_a_lightweight_pytorch/
Built an editable local Deepwiki for my projects and I've decided to open-source it,Reddit,ai,0.120,2025-11-10,https://v.redd.it/y372exbktg0g1
that google antigravity hack made me realize how much access cursor actually has,Reddit,ai,0.120,2025-12-02,https://reddit.com/r/webdev/comments/1pcbt6q/that_google_antigravity_hack_made_me_realize_how/
What will the web of the future look like?,Reddit,ai,0.120,2025-12-02,https://reddit.com/r/webdev/comments/1pc4opf/what_will_the_web_of_the_future_look_like/
[D] Attention before it was all we needed,Reddit,ai,0.120,2025-12-02,https://reddit.com/r/deeplearning/comments/1pc37u0/d_attention_before_it_was_all_we_needed/
What Database Concepts Should Every Backend Engineer Know? Need Resources + Suggestions,Reddit,ai,0.120,2025-12-03,https://reddit.com/r/webdev/comments/1pcvkoa/what_database_concepts_should_every_backend/
I built a tool to generate Spring physics in pure CSS using linear() (plus Bezier visualization),Reddit,javascript,0.120,2025-12-02,https://i.redd.it/wrdad5hm1u4g1.png
Created a package to generate a visual interactive wiki of your codebase,Reddit,ai,0.120,2025-12-03,https://i.redd.it/jvn98d13tv4g1.gif
Building a Design System in 2026,Reddit,ai,0.120,2025-12-01,https://medium.com/@kolbysisk/building-a-design-system-in-2026-5cfd8d85043c
[D] On low quality reviews at ML conferences,Reddit,ai,0.120,2025-12-02,https://reddit.com/r/MachineLearning/comments/1pcgmma/d_on_low_quality_reviews_at_ml_conferences/
Created a package to generate a visual interactive wiki of your codebase,Reddit,ai,0.120,2025-12-03,https://v.redd.it/bln8sbbe0w4g1
"I built a zero-config, visual HTTP mock tool that lives in your browser",Reddit,javascript,0.120,2025-12-03,https://i.redd.it/qph3ejmwrx4g1.png
Writing Detection Tools Preventing People From Writing Good Papers,Reddit,ai,0.120,2025-12-02,https://reddit.com/r/artificial/comments/1pci14r/writing_detection_tools_preventing_people_from/
How I Built a Tiny Tool That Makes Responsive Design Feel Effortless,Dev.to,javascript,0.100,2025-11-12,https://dev.to/olawalethefirst/how-i-built-a-tiny-tool-that-makes-responsive-design-feel-effortless-4caj
I built a self-hosted Google Forms alternative and made it open source! üéâ,Dev.to,javascript,0.100,2025-11-22,https://dev.to/anmolbaranwal/i-built-a-self-hosted-google-forms-alternative-and-made-it-open-source-4f11
10 Developer Habits That Separate Good Programmers From Great Ones,Dev.to,javascript,0.100,2025-11-18,https://dev.to/thebitforge/10-developer-habits-that-separate-good-programmers-from-great-ones-293n
"Every Sunday, I Refactor Old Code and It‚Äôs the Smartest Habit I‚Äôve Ever Built",Dev.to,javascript,0.100,2025-11-04,https://dev.to/hadil/every-sunday-i-refactor-old-code-and-its-the-smartest-habit-ive-ever-built-2k7
"How I Built a ""Community Prayer Quilt"" in 5 Minutes",Dev.to,javascript,0.100,2025-11-12,https://dev.to/googleai/how-i-built-a-community-prayer-quilt-in-5-minutes-5afk
üéÉ Halloween Party 2025: A Responsive Halloween Landing Page for the Dev.to Frontend Challenge üëª,Dev.to,javascript,0.100,2025-10-30,https://dev.to/hadil/halloween-party-2025-a-responsive-halloween-landing-page-for-the-devto-frontend-challenge-3n0n
React 19.2: React in its sigma era,Dev.to,javascript,0.100,2025-11-12,https://dev.to/sagi0312/react-192-react-in-its-sigma-era-op7
The Architecture Nobody Talks About: How I Built Systems That Actually Scale (And Why Most Don't),Dev.to,javascript,0.100,2025-11-17,https://dev.to/thebitforge/the-architecture-nobody-talks-about-how-i-built-systems-that-actually-scale-and-why-most-dont-3fk5
New major HMPL version 3.2.0 üï∂,Dev.to,javascript,0.100,2025-11-12,https://dev.to/hmpljs/new-major-version-320-79e
The Barrel Trap: How I Learned to Stop Re‚ÄëExporting and Love Explicit Imports,Dev.to,javascript,0.100,2025-11-15,https://dev.to/elmay/the-barrel-trap-how-i-learned-to-stop-re-exporting-and-love-explicit-imports-3872
What happens when you type console.log()?,Dev.to,javascript,0.100,2025-11-14,https://dev.to/giftintech/what-happens-when-you-type-consolelog-3k4p
The Biggest Lie in Tech? ‚ÄòWe Don‚Äôt Have Time to Refactor‚Äô,Dev.to,javascript,0.100,2025-11-13,https://dev.to/sylwia-lask/its-not-the-product-owner-its-you-we-dont-have-time-for-refactoring-is-the-most-expensive-adp
Bun vs Node for Astro Static Site Builds,Dev.to,javascript,0.100,2025-10-29,https://dev.to/lovestaco/bun-vs-node-for-astro-static-site-builds-4okk
üéÉ 10 Scary Lines of Code I Wish I Never Wrote üíÄ,Dev.to,javascript,0.100,2025-10-31,https://dev.to/sylwia-lask/10-scary-lines-of-code-i-wish-i-never-wrote-4h47
Never Forget a Thing: Building AI Agents with Hybrid Memory Using Strands Agents,Dev.to,python,0.100,2025-10-31,https://dev.to/aws/never-forget-a-thing-building-ai-agents-with-hybrid-memory-using-strands-agents-2g66
The Circular Import Problem: Breaking Dependency Cycles,Dev.to,python,0.100,2025-10-29,https://dev.to/aaron_rose_0787cc8b4775a0/the-circular-import-problem-breaking-dependency-cycles-4i56
How I Built a 100% Offline ‚ÄúSecond Brain‚Äù for Engineering Docs using Docker & Llama 3 (No OpenAI),Dev.to,python,0.100,2025-11-18,https://dev.to/philyeh/how-i-built-a-100-offline-second-brain-for-engineering-docs-using-docker-llama-3-no-openai-4gcj
Common Coding Mistakes at Every Level (And How to Fix Them),Dev.to,python,0.100,2025-11-22,https://dev.to/thebitforge/common-coding-mistakes-at-every-level-and-how-to-fix-them-4cgb
The Context Variable Vault: Thread-Safe State Without Globals,Dev.to,python,0.100,2025-10-30,https://dev.to/aaron_rose_0787cc8b4775a0/the-context-variable-vault-thread-safe-state-without-globals-2khk
I Built a Million Dollar AI Coding Platform for Completely Free üáÆüá≥,Dev.to,python,0.100,2025-10-28,https://dev.to/vebgen/i-built-a-million-dollar-ai-coding-platform-for-completely-free-28om
"5,000+ Stars on GitHub: Our Journey Building Droidun in Public",Dev.to,python,0.100,2025-10-30,https://dev.to/priya_negi_9ffd29931ea408/5000-stars-on-github-our-journey-building-droidun-in-public-2j8o
I Built an Open-Source SDK to Use Any LLM Provider. Get Started in 2 Minutes.,Dev.to,python,0.100,2025-11-08,https://dev.to/undiluted7027/i-built-an-open-source-sdk-to-use-any-llm-provider-get-started-in-2-minutes-3nhg
Cover Image Generation Now an Option in the DEV Editor,Dev.to,ai,0.100,2025-11-13,https://dev.to/devteam/cover-image-generation-now-an-option-in-the-dev-editor-1nld
Introducing Nano Banana Pro: Complete Developer Tutorial,Dev.to,ai,0.100,2025-11-21,https://dev.to/googleai/introducing-nano-banana-pro-complete-developer-tutorial-5fc8
How I Made an MCP Server That Saves Me an Hour per Week,Dev.to,ai,0.100,2025-10-29,https://dev.to/googleai/how-i-made-an-mcp-server-that-saves-me-an-hour-per-week-3k8k
From Skeptic to Believer: A Process-Driven Approach to Vibe Coding,Dev.to,ai,0.100,2025-11-05,https://dev.to/googleai/a-skeptics-guide-to-vibe-coding-213p
Building a 3D Virtual Portfolio Roomüè†,Dev.to,javascript,0.100,2025-11-24,https://dev.to/yaldakhoshpey/building-a-3d-virtual-portfolio-room-18kp
9 Launches from re:Invent Season I'm Excited About (so far!),Dev.to,ai,0.100,2025-12-02,https://dev.to/aws/9-launches-from-reinvent-season-so-far-im-excited-about-4g55
serge-chat/serge,GitHub,Unknown,0.000,2023-03-19,https://github.com/serge-chat/serge
mukulpatnaik/researchgpt,GitHub,Unknown,0.000,2023-02-01,https://github.com/mukulpatnaik/researchgpt
chronark/highstorm,GitHub,Unknown,0.000,2023-04-03,https://github.com/chronark/highstorm
stochasticai/xTuring,GitHub,Unknown,0.000,2023-03-19,https://github.com/stochasticai/xTuring
ErickWendel/semana-javascript-expert08,GitHub,Unknown,0.000,2023-10-16,https://github.com/ErickWendel/semana-javascript-expert08
Show HN: Wealthfolio 2.0- Open source investment tracker. Now Mobile and Docker,Hacker News,Unknown,0.000,2025-11-21,https://wealthfolio.app/?v=2.0
Helping Valve to power up Steam devices,Hacker News,Unknown,0.000,2025-11-21,https://www.igalia.com/2025/11/helpingvalve.html
We remember the internet bubble. This mania looks and feels the same,Hacker News,Unknown,0.000,2025-11-21,https://crazystupidtech.com/2025/11/21/boom-bubble-bust-boom-why-should-ai-be-different/
We Remain Alive Also in a Dead Internet,Hacker News,Unknown,0.000,2025-11-21,https://slavoj.substack.com/p/why-we-remain-alive-also-in-a-dead-954
You can make PS2 games in JavaScript,Hacker News,Unknown,0.000,2025-11-21,https://jslegenddev.substack.com/p/you-can-now-make-ps2-games-in-javascript
Arduino published updated terms and conditions: no longer an open commons,Hacker News,Unknown,0.000,2025-11-21,https://www.molecularist.com/2025/11/did-qualcomm-kill-arduino-for-good.html
LAPD Helicopter Tracker with Real-Time Operating Costs,Hacker News,Unknown,0.000,2025-11-21,https://lapdhelicoptertracker.com/
HumanAIGC/OutfitAnyone,GitHub,Unknown,0.000,2023-12-12,https://github.com/HumanAIGC/OutfitAnyone
nilsherzig/LLocalSearch,GitHub,Unknown,0.000,2024-03-23,https://github.com/nilsherzig/LLocalSearch
iusztinpaul/hands-on-llms,GitHub,Unknown,0.000,2023-06-28,https://github.com/iusztinpaul/hands-on-llms
WorldGen ‚Äì Text to Immersive 3D Worlds,Hacker News,Unknown,0.000,2025-11-22,https://www.meta.com/en-gb/blog/worldgen-3d-world-generation-reality-labs-generative-ai-research/
NTSB report: Decryption of images from the Titan submersible camera [pdf],Hacker News,Unknown,0.000,2025-11-23,https://data.ntsb.gov/Docket/Document/docBLOB?ID=18741602&FileExtension=pdf&FileName=Underwater%20Camera%20-%20Specialist%27s%20Factual%20Report-Rel.pdf
We Induced Smells With Ultrasound,Hacker News,Unknown,0.000,2025-11-21,https://writetobrain.com/olfactory
The privacy nightmare of browser fingerprinting,Hacker News,Unknown,0.000,2025-11-22,https://kevinboone.me/fingerprinting.html
How to Spot a Counterfeit Lithium-Ion Battery,Hacker News,Unknown,0.000,2025-11-23,https://spectrum.ieee.org/counterfeit-lithium-ion-batteries
GCC SC approves inclusion of Algol 68 Front End,Hacker News,Unknown,0.000,2025-11-23,https://gcc.gnu.org/pipermail/gcc/2025-November/247020.html
ali-vilab/VGen,GitHub,Unknown,0.000,2023-11-06,https://github.com/ali-vilab/VGen
A monopoly ISP refuses to fix upstream infrastructure,Hacker News,Unknown,0.000,2025-11-23,https://sacbear.com/xfinity-wont-fix-internet/
Native Secure Enclave backed SSH keys on macOS,Hacker News,Unknown,0.000,2025-11-23,https://gist.github.com/arianvp/5f59f1783e3eaf1a2d4cd8e952bb4acf
Are consumers just tech debt to Microsoft?,Hacker News,Unknown,0.000,2025-11-23,https://birchtree.me/blog/are-consumers-just-tech-debt-to-microsoft/
"Calculus for Mathematicians, Computer Scientists, and Physicists [pdf]",Hacker News,Unknown,0.000,2025-11-23,https://mathcs.holycross.edu/~ahwang/print/calc.pdf
Shaders: How to draw high fidelity graphics with just x and y coordinates,Hacker News,Unknown,0.000,2025-11-23,https://www.makingsoftware.com/chapters/shaders
Fran Sans ‚Äì font inspired by San Francisco light rail displays,Hacker News,Unknown,0.000,2025-11-23,https://emilysneddon.com/fran-sans-essay
Scoop: Judge Caught Using AI to Read His Court Decisions,Hacker News,Unknown,0.000,2025-11-23,https://migrantinsider.com/p/scoop-judge-caught-using-ai-to-read
adrianhajdin/project_next_14_ai_prompt_sharing,GitHub,Unknown,0.000,2023-05-04,https://github.com/adrianhajdin/project_next_14_ai_prompt_sharing
RuBee,Hacker News,Unknown,0.000,2025-11-24,https://computer.rip/2025-11-22-RuBee.html
Disney Lost Roger Rabbit,Hacker News,Unknown,0.000,2025-11-18,https://pluralistic.net/2025/11/18/im-not-bad/
A One-Minute ADHD Test,Hacker News,Unknown,0.000,2025-11-24,https://psychotechnology.substack.com/p/a-one-minute-adhd-test-2330
Paitesanshi/LLM-Agent-Survey,GitHub,Unknown,0.000,2023-08-03,https://github.com/Paitesanshi/LLM-Agent-Survey
HiDream-ai/HiDream-I1,GitHub,Unknown,0.000,2025-04-06,https://github.com/HiDream-ai/HiDream-I1
"NSA and IETF, part 3: Dodging the issues at hand",Hacker News,Unknown,0.000,2025-11-24,https://blog.cr.yp.to/20251123-dodging.html
Shai-Hulud Returns: Over 300 NPM Packages Infected,Hacker News,Unknown,0.000,2025-11-24,https://helixguard.ai/blog/malicious-sha1hulud-2025-11-24
General principles for the use of AI at CERN,Hacker News,Unknown,0.000,2025-11-24,https://home.web.cern.ch/news/official-news/knowledge-sharing/general-principles-use-ai-cern
Slicing Is All You Need: Towards a Universal One-Sided Distributed MatMul,Hacker News,Unknown,0.000,2025-11-19,https://arxiv.org/abs/2510.08874
I built an faster Notion in Rust,Hacker News,Unknown,0.000,2025-11-19,https://imedadel.com/outcrop/
Show HN: Cynthia ‚Äì Reliably play MIDI music files ‚Äì MIT / Portable / Windows,Hacker News,Unknown,0.000,2025-11-24,https://www.blaizenterprises.com/cynthia.html
US 'Homeland Security' Twitter account seemingly run from Israel,Hacker News,Unknown,0.000,2025-11-24,https://www.thecanary.co/trending/2025/11/23/twitter-location-data/
Fast Lua runtime written in Rust,Hacker News,Unknown,0.000,2025-11-24,https://astra.arkforge.net/
"Booking.com cancels $4K hotel reservation, offers same rooms again for $17K",Hacker News,Unknown,0.000,2025-11-24,https://www.cbc.ca/news/gopublic/go-public-booking-com-hotel-rates-9.6985480
Chrome Jpegxl Issue Reopened,Hacker News,Unknown,0.000,2025-11-24,https://issues.chromium.org/issues/40168998
We stopped roadmap work for a week and fixed bugs,Hacker News,Unknown,0.000,2025-11-23,https://lalitm.com/fixits-are-good-for-the-soul/
Serflings is a remake of The Settlers 1,Hacker News,Unknown,0.000,2025-11-22,https://www.simpleguide.net/serflings.xhtml
Pebble Watch software is now 100% open source,Hacker News,Unknown,0.000,2025-11-24,https://ericmigi.com/blog/pebble-watch-software-is-now-100percent-open-source
Claude Advanced Tool Use,Hacker News,Unknown,0.000,2025-11-24,https://www.anthropic.com/engineering/advanced-tool-use
Claude Opus 4.5,Hacker News,Unknown,0.000,2025-11-24,https://www.anthropic.com/news/claude-opus-4-5
Three Years from GPT-3 to Gemini 3,Hacker News,Unknown,0.000,2025-11-23,https://www.oneusefulthing.org/p/three-years-from-gpt-3-to-gemini
Cool-retro-term: terminal emulator which mimics look and feel of the old CRTs,Hacker News,Unknown,0.000,2025-11-24,https://github.com/Swordfish90/cool-retro-term
"DoGE ""cut muscle, not fat""; 26K experts rehired after brutal cuts",Hacker News,Unknown,0.000,2025-11-24,https://arstechnica.com/tech-policy/2025/11/doge-doesnt-exist-anymore-but-expert-says-its-still-not-dead/
The Bitter Lesson of LLM Extensions,Hacker News,Unknown,0.000,2025-11-24,https://www.sawyerhood.com/blog/llm-extension
Neopets.com Changed My Life (2019),Hacker News,Unknown,0.000,2025-11-19,https://annastreetman.com/2019/05/19/how-neopets-com-changed-my-life/
Moving from OpenBSD to FreeBSD for firewalls,Hacker News,Unknown,0.000,2025-11-19,https://utcc.utoronto.ca/~cks/space/blog/sysadmin/OpenBSDToFreeBSDMove
PS5 now costs less than 64GB of DDR5 memory. RAM jumps to $600 due to shortage,Hacker News,Unknown,0.000,2025-11-24,https://www.tomshardware.com/pc-components/ddr5/64gb-of-ddr5-memory-now-costs-more-than-an-entire-ps5-even-after-a-discount-trident-z5-neo-kit-jumps-to-usd600-due-to-dram-shortage-and-its-expected-to-get-worse-into-2026
Show HN: I built an interactive HN Simulator,Hacker News,Unknown,0.000,2025-11-24,https://news.ysimulator.run/news
Unpowered SSDs slowly lose data,Hacker News,Unknown,0.000,2025-11-24,https://www.xda-developers.com/your-unpowered-ssd-is-slowly-losing-your-data/
Meta Segment Anything Model 3,Hacker News,Unknown,0.000,2025-11-19,https://ai.meta.com/blog/segment-anything-model-3/?_fb_noscript=1
Most Stable Raspberry Pi? Better NTP with Thermal Management,Hacker News,Unknown,0.000,2025-11-25,https://austinsnerdythings.com/2025/11/24/worlds-most-stable-raspberry-pi-81-better-ntp-with-thermal-management/
Making Crash Bandicoot (2011),Hacker News,Unknown,0.000,2025-11-25,https://all-things-andy-gavin.com/video-games/making-crash/
Nearby peer discovery without GPS using environmental fingerprints,Hacker News,Unknown,0.000,2025-11-21,https://www.svendewaerhert.com/blog/nearby-peer-discovery/
FLUX.2: Frontier Visual Intelligence,Hacker News,Unknown,0.000,2025-11-25,https://bfl.ai/blog/flux-2
Orion 1.0 ‚Äì Browse Beyond,Hacker News,Unknown,0.000,2025-11-25,https://blog.kagi.com/orion
Roblox is a problem ‚Äì but it's a symptom of something worse,Hacker News,Unknown,0.000,2025-11-25,https://www.platformer.news/roblox-ceo-interview-backlash-analysis/
The 101 of Analog Signal Filtering,Hacker News,Unknown,0.000,2025-11-21,https://lcamtuf.substack.com/p/the-101-of-analog-signal-filtering
